{
  "products": [
    {
      "image": "prod1.png",
      "name": "Raincoat",
      "price": 150,
      "article": "P1",
      "available": true,
      "category": "Man"
    },
    {
      "image": "prod2.png",
      "name": "Jacket",
      "price": 85,
      "article": "P2",
      "available": true,
      "category": "Man"
    },
    {
      "image": "prod3.png",
      "name": "T-shirt",
      "price": 30,
      "article": "P3",
      "available": false,
      "category": "Man"
    },
    {
      "image": "prod4.png",
      "name": "Belt",
      "price": 50,
      "article": "P4",
      "available": true,
      "category": "Man"
    },
    {
      "image": "prod5.png",
      "name": "Pullover",
      "price": 60,
      "article": "P5",
      "available": false,
      "category": "Man"
    },
    {
      "image": "prod6.png",
      "name": "Wamus",
      "price": 90,
      "article": "P6",
      "available": true,
      "category": "Man"
    },
    {
      "image": "prod7.png",
      "name": "Costume",
      "price": 150,
      "article": "P7",
      "available": true,
      "category": "Man"
    },
    {
      "image": "prod8.png",
      "name": "Tunic",
      "price": 135,
      "article": "P8",
      "available": true,
      "category": "Man"
    }
  ]
}
